Community,Node,Out-group,In-Group,Topic,Text
0,0,LGBTIQ+,Politicians/Government,gender/sexuality,"transition de genre : le sénat vient de voter l’interdiction de la chirurgie et des traitements hormonaux pour les mineurs. une mesure essentielle de protection des enfants et un principe de précaution élémentaire, pour éviter des séquelles physiques et psychologiques souvent irréversibles. les adultes font évidemment ce qu’ils veulent mais il est déraisonnable et dangereux de laisser des enfants s’engager sur ce chemin sans retour."
0,11,LGBTIQ+,Scientists/Academics,gender/sexuality,"the american college of pediatricians vient de publier une vidéo qui citent par leur nom toutes les associations qui poussent les transitions de genre chez les enfants. ils demandent à ces groupes de ""cesser immédiatement la promotion de l'affirmation sociale, des bloqueurs de puberté, des hormones croisées et des chirurgies pour les enfants et les adolescents"" la déclaration complète de : ""compte tenu des recherches récentes et des révélations sur l'approche nuisible préconisée par la wpath et ses partisans aux états-unis, nous appelons les organisations professionnelles médicales des états-unis, y compris l'american academy of pediatrics, l'endocrine society, la pediatric endocrine society, l'american medical association, l'american psychological association et l'american academy of child and adolescent psychiatry, à suivre ce que dit la science. nous appellons aussi leurs collègues europeens à cesser immédiatement de promouvoir l'affirmation sociale, les bloqueurs de puberté, les hormones de croisement et les chirurgies pour les enfants et les adolescents qui ressentent une détresse par rapport à leur sexe biologique. ces organisations devraient recommander des évaluations et des thérapies visant à identifier et à traiter les comorbidités psychologiques sous-jacentes. nous encourageons également les médecins membres de ces organisations professionnelles à contacter leurs dirigeants et à les convaincre d' adhérer aux recherches fondées sur des preuves désormais disponibles."" : allez vous continuer à faire ça aux enfants en france? on exige une réponse."
0,14,LGBTIQ+,Politicians/Government,gender/sexuality,"transition de genre. loin des caricatures et des postures idéologiques, voilà pourquoi le sénat, en conscience, a voulu protéger les mineurs d’actes irréversibles :"
0,19,Politicians/Government,Other,gender/sexuality,"ivgdanslaconstitution l’idéologie du genre, le jeunisme perpétuel et la permissivité égalitariste aberrante qui entravent la fonction parentale anéantissent l’évolution sociale de l’enfant comme l’avortement extermine son évolution biologique."
0,22,LGBTIQ+,Scientists/Academics,gender/sexuality,"c'est au nom de la liberté qu'il faut interdire les traitements de transition de genre chez les mineurs. la pédopsychiatre caroline eliacheff, interviewée par , rappelle l'importance de la responsabilité des adultes."
0,32,LGBTIQ+,Scientists/Academics,gender/sexuality,changement de sexe : le revirement d’une pédopsychiatre en finlande
0,38,The People,Feminists,gender/sexuality,"la féministe julia pietri explique la sexualité à deux enfants de 5 et 7 ans dans son « petit guide de la foufoune sexuelle » : a cinq ans, on joue au playmobil, au ballon, on regarde des dessins animés et surtout on pense que les appareils génitaux"
0,48,LGBTIQ+,Right,gender/sexuality,"demain, le 5 mai, aura lieu partout en france des manifestations contre notre livre transmania et contre la loi des républicains qui vise à interdire la transition des mineurs. exactement au même moment ou la france woke se soulève pour hurler dans la rue qu’il serait transphobe de s’opposer à la transition des mineurs, et à la protection des espaces destinés aux femmes, la nhs, le système de santé anglais viens de définir officiellement le sexe comme une « réalité biologique », réalité déterminante dans les soins apportés aux patients. il ne sera plus possible pour les hommes transféminins d'accéder aux espaces intimes réservés aux femmes. la nhs est-elle « transphobe » ? non. elle fait preuve de bon sens. nous rappelons aussi que 5 pays européens, angleterre, la finlande, la norvège, la suède et le danemark ont décidé de restreindre ou interdire les transitions des mineurs et mettent désormais en lumière le fait que les bloqueurs de puberté sont susceptibles d'interrompre le développement cérébral, de réduire la densité osseuse, de provoquer une infertilité et une inorgasmie à l’âge adulte, et d’obliger les adolescents à s’engager dans des traitements hormonaux irréversibles. il est urgent que les décideurs français fassent leur travail et se mettent à lire les rapports à ce sujet au lieu de dire n’importe quoi par clientélisme malsain: le rapport cass, l’enquête sur la clinique de genre tavistock etc. est-ce « transphobe » de vouloir protéger les enfants d'un marché qui ne profitera qu'à une industrie pharma en mal de profits ? non. tous ceux qui veulent nous empêcher d'en parler ont vendu leur âme au diable. ces procès abusifs pour ""transphobie"" sont une arnaque intellectuelle. on se réveille."
0,72,NGOs,European Actors,gender/sexuality,"union européenne : des millions d'euros pour un lobby trans alors que le sénat français vient de voter une loi restrictive au sujet des transitions sexuelles de mineurs, une ong revendique l’inverse auprès de l’ue. :link: article jdd :"
0,209,Media/Journalists,Social Movements,gender/sexuality,": pedro florez a été libéré par tim ballard à l’âge de 12 ans, après 4 années aux mains de pédocriminels en colombie. il est le « simba » de sound of freedom, il a aujourd’hui 26 ans et consacre sa vie à reconstruire d’autres victimes, au sein de la fondation « tijiendo suenos ». l’occasion de mesurer à quel point ballard a été grotesquement critiqué, que ce soit par les médias dénonçant son « complotisme » supposé, ou par quelques cinglés qui voient lui un représentant d'une fumeuse « opposition contrôlée »...ballard est un juste mec extraordinairement courageux. l'interview intégrale:"
1,1,School staff,Other,gender/sexuality,"séances d'éducation à la sexualité, la question du genre y est omniprésente : ""il est recommandé, dès la classe de cp, d’aborder les questions d’“assignation de rôles et de stéréotypes”. ce qui est très manipulateur lorsque l’on parle à des tout-petits."""
1,6,Politicians/Government,Other Ideology,gender/sexuality,"ludo : « cette éducation sert de prétexte à des associations agréées par l’, pour militer auprès des élèves en faveur de revendications sociétales et de l’idéologie du genre. »"
1,27,Media/Journalists,Feminists,gender/sexuality,"ce que les réseaux sociaux ont fait aux standards de beauté féminins : avant, elles étaient uniques. maintenant elles sont identiques."
1,29,LGBTIQ+,Heterosexual People,gender/sexuality,"résumons : ils nous les brise menu dans les écoles où ils mènent des campagnes de dingue pour lutter contre les « stéréotypes de genre ». en clair, une femme ne doit pas ressembler à une femme et un homme pas ressembler à un homme. mais quand ils veulent se prendre pour des femmes, les mêmes en adoptent les pires stéréotypes et jusqu’à la caricature : dune du pilat en guise de cheveux, maquillage réalisé à la gouache par un artiste peintre, lustres et appliques autour du cou, ongles plus longs qu’un katana. le tout pour ressembler au sapin de noël géant du maddison square garden. la france va devenir la risée du monde."
1,30,LGBTIQ+,The Elite/Establishment,gender/sexuality,"lsf réclame la refonte totale du site : imprégné de l'idéologie du genre, ce site du dédié aux 11-18 ans, banalise les transitions de genre et propose une approche purement fonctionnelle de la sexualité, inadaptée."
1,43,The Elite/Establishment,Feminists,gender/sexuality,":herb: la représentation de la femme dans l’art européen par delà la contingence des époques qui se succèdent demeurent des permanences esthétiques qui nous rappellent ce que nous sommes. l’art européen porte un regard anthropologique sur la femme qui lui est propre. aucune autre civilisation n’a autant célébré la féminité dont les expressions sont multiples. que la femme soit représentée comme figure cosmique, divinité, muse, miroir de sagesse, maîtresse du foyer ou encore combattante, nous faisons le constat que la tradition européenne a toujours donné un rôle central à la femme. europeennes2024 europe art"
1,208,Media/Journalists,The People,nation,cette génération a le goût de la mise en scène les réseaux sociaux donnent des envies d’héroïsme esthétique et superflu
2,2,The People,LGBTIQ+,gender/sexuality,"le premier épisode de notre émission de témoignages ""contre discours sur les questions de genre"" vient de sortir sur notre chaine ! :speaking_head: alexandra est une personne dite intersexe qui s’oppose à l’idéologie transgenre à qui nous avons déjà donné la parole dans notre…"
2,3,LGBTIQ+,The People,gender/sexuality,"les transgenristes disent qu’être une femme est un genre et un sentiment. selon cette logique, il faudrait aussi rebaptiser le sexisme « genrisme », et l’homosexualité « homogenréité »."
2,4,LGBTIQ+,The People,gender/sexuality,identité de genre: le délire est rendu à l’onu | jdm
2,5,LGBTIQ+,The People,gender/sexuality,": le livre-enquête, qui porte sur «les dérives de l'idéologie transgenre» est en tête des ventes en ligne. →"
2,8,LGBTIQ+,Media/Journalists,gender/sexuality,"ma chronique du jdm à propos du tournant autoritaire de la théorie du genre, à laquelle nous sommes désormais obligés de croire - quant aux réfractaires, ils feront l'expérience de la persécution."
2,9,LGBTIQ+,Media/Journalists,gender/sexuality,": [enquête] censure, diffamation, agressions… le régime de terreur des activistes transgenres :link: article jdd :"
2,12,Left,The People,gender/sexuality,"pénaliser le désaccord autour de la théorie du genre, en le nommant transphobie. et justifier dès lors la censure de la critique de la théorie du jour. la gauche et la censure, une histoire d'amour."
2,17,LGBTIQ+,The People,gender/sexuality,"la propagande sur l’identité de genre, tu veux dire?"
2,24,LGBTIQ+,Media/Journalists,gender/sexuality,"en explorant la transition de genre en sens inverse, le regret des personnes trans d'avoir changé de genre et qui, finalement, ont voulu revenir à leur sexe d'origine, cette chronique interroge à la fois la transphobie et la dysphorie."
2,28,LGBTIQ+,Heterosexual People,gender/sexuality,"en espagne, des soldats ont changé de genre pour bénéficier d'avantages matériels et financiers réservés aux militaires femmes. cette chronique s'attaque à l'actualité de la loi trans."
2,44,Media/Journalists,LGBTIQ+,gender/sexuality,:movie_camera: [i-média] jo - eurovision : la propagande trans
2,55,Right,LGBTIQ+,gender/sexuality,"pour eelv, jeanne d'arc est une « icône de la transidentité » - par jean kast jeannedarc eelv certains ne résistent pas à la tentation de plaquer sur le passé une grille de lecture contemporaine."
3,7,LGBTIQ+,Politicians/Government,gender/sexuality,"proposition de loi lr sur la ""prise en charge des mineurs en questionnement de genre"" : ""jacqueline eustache-brinio a fait le travail d'écouter tout le monde, pour arriver à des conclusions similaires aux nôtres. on soutient ce projet de loi"", explique , co-autrice de ""transmania"""
3,10,LGBTIQ+,Media/Journalists,gender/sexuality,: le choix de récompenser une actrice transgenre est taxé de «message politique» sur les réseaux sociaux.
3,13,LGBTIQ+,Media/Journalists,gender/sexuality,"jk rowling se joint à la bataille contre l’idéologie transgenre : l'auteure de la saga harry potter, , a apporté son soutien à et , les auteures du livre ""transmania"" qui traite de l'idéologie transgenre et de ses dérives, ainsi que de la question de la définition d'une femme."
3,15,Feminists,The People,gender/sexuality,"le tribunal administratif condamne les statuts de l'université de grenoble rédigés en écriture dite ""inclusive"". une claque de plus pour le ""langage"" promu par le féminisme woke et les études de genre !"
3,21,Feminists,Media/Journalists,gender/sexuality,":rainbow_flag:une lesbienne et trans dénonce la maltraitance chirurgicale des enfants dans la mode du wokisme : camille paglia critique l’explosion des identités de genre tandis que l’onu veut donner une ""place spéciale"" aux personnes transgenres dans son agenda."
3,23,LGBTIQ+,Heterosexual People,gender/sexuality,"l'ex femme d'un homme qui a transitionné en femme raconte: ""mon ex m'imitait. il imitait mes manières et mon rire. il copiait ma coiffure et ma couleur de cheveux. même son opération du nez ressemble à mon nez. il portait mes vêtements. il me regardait faire mon maquillage. je pensais juste que nous discutions jusqu'à ce que je lise dans ses messages qu'il m'observait pour apprendre. il a dit à plusieurs personnes qu'il était la mère de nos enfants et qu'il les avait mis au monde, qu'il avait pu tomber enceinte grâce à un don de sperme. apparemment, selon lui, je suis lesbienne (personne ne m'a informée... sauf son thérapeute fou une fois). il a raconté chaque détail de mes accouchements comme si c'était les siens. c'est moi à gauche et lui il est à droite. il s'est fait faire une frange peu de temps après que ma photo à gauche ait été prise."""
3,25,European Actors,Heterosexual People,gender/sexuality,"l’onu acquise à l’idéologie transgenre efface le terme sexe au profit de la notion de genre, ce qui n’a aucun sens. ce qui est important c’est l’égalité des droits pour les 2 sexes. l’égalité de genre ne veut rien dire, car le genre est un ensemble de stéréotypes qui sert justement à accentuer la différentiation entre les hommes et les femmes. on veut l’égalité des droits pour les 2 sexes, pas l’égalité des genres, ni des sexes car on ne veut pas l’effacement des différences. incroyable que l’onu ne soit même plus capable d’utiliser un vocabulaire correct, et tombe la tête la première dans la novlangue queer."
3,31,LGBTIQ+,Politicians/Government,gender/sexuality,"voici une femme politique qui fait correctement son travail et qui se renseigne sur les dérives de l'idéologie transgenre. chose que devraient faire tous les personnages politiques dignes de ce nom, à droite, à gauche et au centre. merci"
3,33,LGBTIQ+,Feminists,gender/sexuality,"""certains militants transgenristes postent ce genre d’images ou l’on voit et moi se prendre une balle dans la tête. la violence trans."
3,34,Media/Journalists,LGBTIQ+,gender/sexuality,«c'est le film le plus gay que j'ai jamais fait» : alan cumming revient sur son rôle dans «x-men 2»
3,40,LGBTIQ+,Heterosexual People,gender/sexuality,"marie cau, maire transgenre, me traite de nazi, car je dis qu’il existe 2 sexes et qu’une femme est une femelle adulte humaine, ce qu’il ne sera jamais. cet homme m’a attaqué en justice pour « appel à la haine » avec des assos lgbt car j’ai dit qu’il est un homme transféminin, et non pas une femme. depuis il semble faire une fixette totalement malsaine et vraiment très inquiétante sur moi. faire un parallèle entre le régime nazi et les femmes qui savent qu’être une femme est une réalité biologique et non pas un ressenti, est totalement perfide et vicieux. il est absolument inacceptable qu’un élu se comporte de la sorte en france."
3,42,LGBTIQ+,Feminists,gender/sexuality,"cabale contre la philosophe féministe kathleen stock taxée de transphobe. son tort ? dire que le sexe biologique est une réalité inaliénable. face à l'obscurantisme woke qui nie la réalité et veut museler ceux qui ne pensent ""pas bien"", on ne lâche rien !"
3,56,Feminists,Heterosexual People,gender/sexuality,"donc maintenant être un homme qui se respecte c’est être misogyne :face_with_tears_of_joy: cette vidéo illustre simplement ce que je dis depuis le début : le bodycount n’est pas un critère pour juger qu’un homme est de valeur, tandis qu’il en est un pour les femmes."
3,64,LGBTIQ+,Media/Journalists,gender/sexuality,"témoignage rare & poignant d’alexandra, une personne dite intersexe qui s’exprime sans tabous sur : :minus: son parcours de vie ; :minus: sa pathologie ; :minus: son anatomie ; :minus: la réalité de la vaginoplastie ; :minus: les assos trans qui délirent. l’avant-premiere ici :backhand_index_pointing_right:"
3,71,LGBTIQ+,Right,gender/sexuality,"après l'enseignante, voici l'avocate. en écosse, dire que ces personnes ne sont pas des femmes pourra désormais être considéré comme un ""crime haineux"". voilà pourquoi il faut lire transmania"
4,16,Feminists,The People,gender/sexuality,"cette mère de deux jeunes enfants, autrice de littérature adulte et jeunesse, vient de publier la maternité. qu’est-ce que ça change ? selon elle, l’annonce d’une grossesse est toujours miraculeuse, et la maternité change la face du monde."
4,36,Christians,Feminists,gender/sexuality,""":red_circle: « l’avortement est un acte banalisé dans la plupart des sociétés modernes », souligne matthieu lavagna :pregnant_woman:face à un acte méconnu qui se banalise, il est nécessaire de réfléchir à ce qu'est une ivg, biologiquement et moralement, appelle matthieu lavagna."
4,49,Political Party,Politicians/Government,gender/sexuality,: brigitte enceinte!
4,53,Other,Feminists,gender/sexuality,": le jour où une femme de la bourgeoisie ""prêtera"" son ventre à un couple du peuple on reparlera de la gpa dite non comme…"
4,57,LGBTIQ+,Family,gender/sexuality,": le styliste jacquemus et son mari ont acheté deux bébés sur catalogue : mia et sun rappelons l'ignoble déclaration de pierre bergé:rainbow_flag:: « louer son ventre pour faire un enfant ou louer ses bras pour travailler à l’usine, quelle différence ? » gpa"
4,59,Media/Journalists,Media/Journalists,nation,"« quand j'ai vu cette femme ironiser sur le bébé qui a été cuit au four, j'ai été pris d'effroi. soit c'est un rire complice, soit c'est un rire qui puise son origine dans la bêtise la plus indicible. quoi qu'il en soit, on est ici dans l'inhumanité la plus crasse.»"
4,60,Feminists,Politicians/Government,gender/sexuality,"pour la porte-parole du , s'inquiéter de l'absence de mère relèverait donc de l'homophobie. quitte à justifier une pratique inhumaine où la mère est invisibilisée et l'enfant, objet d'un contrat ! où sont les féministes ?"
4,65,Feminists,Right,gender/sexuality,"""dès le départ, le féminisme se fonde sur un refus de la biologie"" : eve vaguerlant sur son livre ""l'effacement des mères"" ( ) :laptop:"
4,73,The People,Family,gender/sexuality,":two_hearts: d'hier, d'aujourd'hui ou de demain, une maman restera toujours aussi merveilleuse que nécessaire. priver intentionnellement un enfant de sa maman est monstrueux. gpa"
4,74,Politicians/Government,The People,gender/sexuality,"""ce qui leur arrive me touche"" dit le ministre à propos d'amis qui ont commandé un bébé. gpa et l'exploitation de la femme pour produire des bébés pour des tiers, le bébé sans maman, cela vous ""touche"" ?"
4,76,Family,Media/Journalists,gender/sexuality,": « le problème n’est pas qu’une fois en couple et marié les hommes européens ne font pas d’enfants, c’est qu’il n’y a mê…"
4,149,Media/Journalists,Media/Journalists,irrelevant,: coucou mon petit jean mi! t es en sur régime mon chéri! t en fais trop! même le dimanche! et j avoue que m a bcp moins lustré les glaouis que toi en plateau! je t embrasse!bon dimanche le lustreur! ps: pense à acheter de la peau de chamois! ça peut tjs te servir :red_heart:
5,18,LGBTIQ+,The People,gender/sexuality,"mesdames et messieurs, nous tenons ici le premier concept de prostitution éco-responsable. avec une consommation locale et des éjac éthiques, sploutchez responsable et boycottez l’industrie du sperme qui écrase les petites productrices."
5,78,The Elite/Establishment,Political Party,nation,"sujet crucial : la privatisation de l’eau ! qui progresse partout : créer la pénurie pour les gueux et enrichir quelques uns sur ce qui est pourtant un bien commun de la nation et de l’humanité ! le bien commun par excellence même ! diffusez svp. c’est la privatisation du vivant, comme les graines et semences ! on était allés il y a quelques semaines dénoncer cela au siège de bayer monsanto ! :right_arrow: « hérault : la mairie vend la nappe phréatique d'un village à un grand groupe industriel » ! bravo aux habitants qui s’y opposent ! nous devons protéger l’eau et le vivant de l’expansion continue de la finance rapace !"
5,109,Politicians/Government,Public Sector,nation,historique ! l’assemblée nationale a voté la fin des promotions supérieures à 34% sur les lessives. pour protéger nos fabricants ! premières conséquences : moins d’économies dans le portefeuille des français ! et revenus records pour les multinationales américaines ( procter &amp;
5,127,European Actors,Political Party,nation,"ça c’est littéralement énorme ! et ça en dit tellement long sur l’ue ! :right_arrow: la commission européenne est en train d’asphyxier économiquement le parquet européen, afin que celui-ci soit bien conscient qu’il doit être obéissant, et au pas, pour espérer obtenir un peu de fonds pour payer les salaires et fonctionner ! le parquet européen, machin fédéral créé en 2021, lance officiellement l’alarme : « on n’a plus d’argent ! » :right_arrow: il faut bien sûr faire le lien avec le pfizergate en cours : ursula von der leyen envoie un message ultra clair au parquet européen ! je vous nourris uniquement si vous me blanchissez ! dégageons tout ça ! frexitvite leuropeçasuffit !"
5,189,Media/Journalists,Private Sector,science,": ""pas de miracle pour . basé à carquefou, le fabricant de panneaux solaires qui compte 87 salariés pour un chiffre d’affaires de 21,5 m€, a été placé en liquidation judiciaire ce mercredi."" via"
5,199,Media/Journalists,Private Sector,science,": ""pas de miracle pour . basé à carquefou, le fabricant de panneaux solaires qui compte 87 salariés pour un chiffre d’affaires de 21,5 m€, a été placé en liquidation judiciaire ce mercredi."" via"
6,20,Feminists,Other,gender/sexuality,"une femme jeune, très fertile et qui sort beaucoup définira la virilité comme étant ""sexy"", ""attirant"". une mère célibataire dira qu'un homme viril c'est un homme qui ""prend les choses en main et est prêt à s'engager"". c'est ce qui les arrange selon leur tranche d’âge."
6,52,Other,Feminists,gender/sexuality,une femme préfèrera toujours se faire briser le cœur par un connard plutôt que d’épouser un homme gentil avec qui elle s’ennuie. peu comprendront.
6,67,Feminists,The People,gender/sexuality,"ce sont les propos les plus répugnants que j’ai jamais entendus dans la bouche d’une femme. le pire c’est qu’elle est capable d’agir ainsi et d’attendre d’un homme qu’il lui offre des fleurs, la traite comme une princesse et l’invite au restaurant. ne vous faites pas avoir."
6,68,Feminists,Other,gender/sexuality,:woman_light_skin_tone: : « je veux un mec timide et gentil ! » *sors avec un bad boy demi cas-social* les femmes ne savent pas ce qu’elles veulent. regardez ce qu’elles font au lieu d’écouter ce qu’elles disent. vous connaîtrez leurs désirs les plus profonds.
7,26,LGBTIQ+,Heterosexual People,gender/sexuality,"sos homophobie, association qui a reçu 147 300 euros de la ville de paris et 204 950 de la délégation interministérielle (dilcrah), utilise l'argent du contribuable pour attaquer et moi pour avoir écrit le livre transmania, qui dénonce les dérives de l'idéologie trans. ils veulent nous faire taire par tous les moyens. c’est indirectement la ville de paris et le gouvernement qui financent donc ce genre d’attaque contre la liberté d’expression et d'information… prenez-en note, c’est très grave et parlez de ce qui se passe. soutenez-nous ! lisez le livre ! faites-le circuler ! défendez-nous ! refusez que votre argent serve à menacer ceux et celles qui se battent pour faire éclater la vérité."
7,41,The People,LGBTIQ+,gender/sexuality,"football : la ""lutte contre l'homophobie"" se complique ! - par sarah-louise guille football homophobie contrairement à la lutte contre le racisme, celle contre l’homophobie ne fait pas consensus dans le football..."
8,35,Politicians/Government,Feminists,gender/sexuality,":red_circle: victoire pour les droits des femmes au ! grâce à la mobilisation de parlementaires, et en particulier de . ce dernier est l’auteur d’un amendement qui inclut la gpa dans les cas de traite humaine. :link:"
8,37,Politicians/Government,Feminists,gender/sexuality,"mexique &gt; «concernant la maternité de substitution gpa, l'idée est de légiférer pour l'interdire dans la constitution, qui reste du pouvoir exclusif du congrès fédéral. ""si nous ne légiférons pas, nous condamnons les femmes à l’esclavage."" »"
8,39,Politicians/Government,Feminists,gender/sexuality,"des femmes en garde à vue pour avoir déployé une banderole. quoiqu'on pense du message, c'est révoltant."
8,50,Right,Muslims,nation,": :red_circle: l’ancien député rn depuis la dissolution, frédéric cabrolier, a signalé à la police qu’une femme vêtue de noir, voilée…"
8,51,Right,Feminists,gender/sexuality,":police_car_light: aucune femme ne doit craindre pour la fin de ses droits. :france: avec jordan bardella et marine le pen, nous serons toujours du côté de celles qui se battent pour leur dignité ! bardellapremierministrer législativesanticipées"
8,61,Nation/Own Country,Media/Journalists,nation,pour la 1ere fois une femme au mexique est présidente : claudia sheinbaum la france est très en retard par rapport au reste du monde. femmesenpolitique
8,80,Politicians/Government,Media/Journalists,nation,"assemblée nationale : des députés habillés aux couleurs de la palestine - par boulevard voltaire assembléenationale de plus, rachel keke, députée lfi du 94, a brandi un drapeau palestinien provoquant une suspension de séance."
8,205,Nation/Own Country,Immigrants/Asylum Seekers,nation,"il faut envoyer un signal de fermeté face à ces migrations. ne vendons pas un rêve qui n'existe pas : nous n'avons plus rien à offrir en france. il est normal que nos personnes âgées, nos pauvres, soient notre première priorité !"" bourdindirect"
9,45,Media/Journalists,Politicians/Government,nation,tant de bêtise et d’ignorance mêlées. ce serait drôle si ce n’était pas dramatique.
9,46,Politicians/Government,Media/Journalists,gender/sexuality,"accusé par son filleul d’agression sexuelle, la macronie protège dominique boutonnat. il a été renouvelé à la tête du cnc et nommé au conseil d’administration de france télévision (màj : 3 ans de prison ferme requis)"
9,75,Right,Jewish People,nation,une adolescente de 12 ans violée par trois ados parce que juive. son petit ami n’aurait pas apprécié qu’elle ne lui révèle pas sa religion. certains associent le fait de pénétrer une femme à une punition. et la judéité à un péché. c’est terrifiant.
9,125,Social Movements,Media/Journalists,nation,"« shani louk, 23 ans, est morte. c'était le symbole de la vie face aux barbares du hamas qui ne sont guidés que par la haine des juifs et le goût du sang. ce qui s'est passé le 7octobre me fait penser à ce qu'on fait les nazis en ukraine. c'est le même procédé.»"
9,133,Immigrants/Asylum Seekers,Nation/Own Country,nation,"« beaucoup de français en ont marre de ce deux poids deux mesures. imaginons si des jeunes blancs étaient venus dans une salle des fêtes “planter des jeunes arabes”, cela aurait fait un scandale international. ils veulent juste la vérité sur les causes de l'insécurité !»"
9,134,Political Party,The People,nation,: rima hassan fait exprès d'éloigner les français de la cause palestinienne avec ses tweets imbéciles qui mélangent tout ? c'est à se demander…
9,141,Scientists/Academics,Politicians/Government,nation,"les français en danger ? le parlement riposte contre les gourous 2.0 et les dérives sectaires ! max jesuisterreau a posé une question déconcertante à son médecin : ""avez-vous déjà tué quelqu'un ? "" la réponse a ouvert un débat sur la confiance, le"
9,145,Media/Journalists,Media/Journalists,nation,: . : les dessous de l'affaire gérard depardieu
9,196,Politicians/Government,Scientists/Academics,science,": le ministre de la santé porte plainte contre marie-ange perulli. car l’ex directrice des ars de dordogne pendant le covid a dénoncé au csi la honteuse politique du gvt: «les urgences n’étaient pas engorgées, on nous demandait de fermer des services…» :check_mark_button:tout notre soutien à elle."
10,47,Left,Right,nation,: une grande dame répond à un tout petit monsieur. soutien
10,91,The People,Political Party,nation,":microphone: « chers sapeurs-pompiers, nous savons pouvoir compter sur vous pour nous venir en aide, vous pouvez compter sur mon soutien et mon attention en tant qu’élue de la nation ». miramontdeguyenne pompiers :france:"
10,102,Other Country,Politicians/Government,nation,":denmark: en tant que présidente du groupe d’amitié france-danemark, j’adresse tout mon soutien au peuple danois face à l’incendie de l'ancienne bourse de copenhague."
11,54,Far-Right,Immigrants/Asylum Seekers,nation,"l'immigration incontrôlée entraîne une explosion de l'insécurité. en ile-de-france, 93% des vols commis et 63% des agressions sexuelles commises dans les transports sont le fait d'étrangers. je suis favorable à un tournant de fermeté en matière migratoire ! levenement"
11,62,Public Sector,Feminists,gender/sexuality,:red_circle: voilà ce qui arrive aux femmes qui portent des mini-jupes en france en 2024 : se faire insulter et tabasser en pleine rue. pendant que les deux agresseurs ressortent libres du commissariat jusqu’au procès. tout mon soutien à ces femmes et leurs compagnons !
11,70,The People,Right,nation,"lunaire d’aller s’attaquer à des femmes qui disent « violeurs étrangers » dehors. je ne me prononce pas sur le sujet de l’immigration, car ce n’est pas mon sujet de cœur, que je ne sais pas vraiment ce que j’en pense, que je suis très très mitigée sur ce sujet étant moi même issu de l’immigration, et que j’estime ne pas avoir assez étudié cette thématique pour donner un avis éclairé. ( oui, je me la ferme quand je ne maîtrise pas un sujet!). mais par contre je trouve hallucinant d’aller agresser des femmes qui dénoncent des violeurs. elles n’ont pas dit « tous les étrangers dehors » ( si c’était le cas, je ne serais pas du tout d’accord), elles parlent de violeurs, de gens qui ont largement dépassé les bornes et qui ont meurtri profondément des femmes."
11,130,Immigrants/Asylum Seekers,Feminists,nation,":fire::fire::fire:le collectif nemesis s’est infiltré au festival de cannes :fire::fire::fire: nous nous sommes invitées à la 77eme édition du pour sensibiliser les stars à l'insécurité dont les femmes font les frais. nous aussi nous sommes la génération metoo : le metoolmmigration. dans cet événement où le patriarcat et les vss sont si souvent dénoncés, nous avons voulu interpeller sur la surreprésentation des étrangers dans les violences faites aux femmes. :right_arrow:nous exigeons l'expulsion définitive des auteurs de vss de nationalité étrangère. :right_arrow:nous exigeons l'application des oqtf. :right_arrow:nous exigeons la mise en place de statistiques ethniques. :right_arrow:nous exigeons de l'etat de nous protéger de la misogynie propre à certaines cultures immigrées. nous ne nous tairons pas. foreignrapistsout ! violeursetrangersdehors merci à nos courageuses militantes dont !"
12,58,Politicians/Government,Family,nation,":black_circle: avis de recherche du ministère de la famille :black_circle: le ministère des solidarités et des familles a disparu. devient ""chargée de l’egalité femmes-hommes et de la lutte contre les discriminations."" quel signal pour les millions de familles françaises !"
12,63,Other,Media/Journalists,gender/sexuality,"""le foot, c'est trop terrible. le psg, encore plus. je crois que j'ai plus souffert avec le psg qu'avec aucune femme dans ma life."" benjamin nau. vie de bureau. 16h34."
12,69,Christians,Media/Journalists,nation,":round_pushpin: cette semaine dans votre numéro de famille chrétienne : :backhand_index_pointing_right: en couv’ : le christianisme et les femmes :backhand_index_pointing_right: mer rouge : les houthis font leur loi :backhand_index_pointing_right: dépression post-partum : ""j'ai été sauvée de la folie"" :backhand_index_pointing_right: visite : embarquez au musée de la marine !"
12,116,Immigrants/Asylum Seekers,Far-Right,nation,"quand vous avez un casier judiciaire long comme le bras, vous ne devez pas pouvoir bénéficier d'un hlm. par ailleurs, il faut réserver le logement social aux familles françaises, en instaurant la priorité nationale. faceaface"
13,66,Family,Media/Journalists,gender/sexuality,"faitesdespères2024 :evergreen_tree: c'est edouard, le père de mes 2 filles, qui ouvre le bal de la première édition de cette ode à la paternité. j'espère qu'elle vous émouvra et vous inspirera autant que moi :smiling_face_with_hearts:"
14,77,Politicians/Government,Media/Journalists,nation,":speaking_head: dimanche 9 juin, emmanuel macron a annoncé la dissolution de l’assemblée nationale. :magnifying_glass_tilted_right: le jdd vous explique les différents enjeux de ce moment important de la politique française ! dissolutionassemblée législativesanticipées"
14,79,The People,The Elite/Establishment,nation,:movie_camera: « les générations qui sont au pouvoir n'ont pas connu la guerre et ne sont pas du tout conscientes [...] les dirigeants politiques n'ont plus de responsabilité morale de la nation et de leur peuple » - pierre de gaulle lsp à retrouver sur tvl :red_triangle_pointed_down:
14,81,Politicians/Government,Media/Journalists,nation,dissolution de l’assemblée nationale : les trois hypothèses politiques à retenir
14,84,The People,Media/Journalists,nation,:red_circle: [ votre avis sur l'actu ] dissolution de l’assemblée nationale : approuvez-vous la décision d’emmanuel macron ? :memo: votre réponse est susceptible d’être partagée sur le site et les réseaux sociaux de valeurs actuelles.
14,88,Political Party,Media/Journalists,nation,":red_circle: législatives : « il s’attend à ce que la droite nationale l’emporte », ursula von der leyen révèle la stratégie d’emmanuel macron :right_arrow_curving_down:"
14,89,Politicians/Government,Right,nation,"jo paris 2024 : quel impact avec la dissolution de l’assemblée nationale ? pour , la question est ironique car le rn a été un ardent soutien de la loi spéciale pour les jo, y compris la vidéosurveillance algorithmique controversée."
14,92,Politicians/Government,Media/Journalists,nation,:red_circle:[votre avis sur l'actu] dissolution de l’assemblée nationale : « c’est un « coup politique » et les électeurs français le comprendront » :right_arrow_curving_down: :memo: vos réponses au questionnaire paru lundi 10 juin.
14,101,Politicians/Government,Media/Journalists,nation,"[exclusif] nicolas sarkozy au jdd : ""la dissolution constitue un risque majeur pour le pays"" :link: article jdd :"
14,119,Politicians/Government,Media/Journalists,nation,": pourquoi les décisions du conseil constitutionnel s'impose par dessus les lois ? :speaking_head: : ""le principe d'égalité d'…"
14,120,Far-Right,Media/Journalists,nation,: je vous conseille d'écouter cette émission qui démonte la théorie du racisme du vote rn notamment le cas de ce pompier qui vo…
14,123,Right,Nation/Own Country,nation,":police_car_light: ne manquez pas en toute vérité présenté par :right_arrow: le rn aux portes du pouvoir : faut-il craindre la guerre civile ? :speaking_head: avec , ancien conseiller de nicolas sarkozy :triangular_flag:à retrouver dès 11h sur"
14,124,Politicians/Government,Right,nation,"si vous aviez regardé du côté de ma circonscription, vous n’auriez pas dit la même chose, :melting_face:…"
14,131,Media/Journalists,Political Party,nation,:red_circle: un fiché s candidat aux législatives à avignon... qu’en pensez-vous ? raphaelarnault :right_arrow: le grand matin avec dès 6h30 :backhand_index_pointing_down: vos commentaires
14,147,Other,Politicians/Government,nation,je serai ce mardi à 8h20 l'invité de la matinale de :right_arrow_curving_down:
15,82,Environmental Movements/Parties,Politicians/Government,nation,":france::classical_building: de retour à paris, je préside la séance publique de l’assemblée nationale où nous continuons l’examen de la ppl visant à réduire l’impact environnemental de l’industrie textile. directan"
15,98,The People,Political Party,science,: retrouvez mon intervention en direct de l'assemblée nationale à 18h15 ce jour : directan
15,115,Nation/Own Country,The People,nation,"« en sept ans, la dette de la france aura augmenté de 58%, approchant désormais les 3 100 milliards. face au mur de la dette, nous devons retrouver une stratégie nationale de redressement budgétaire. » retrouvez ma tribune dans :"
16,83,Media/Journalists,Political Party,nation,rencontre avec les candidats de la liste nous le peuple - live exceptionnel de fin de campagne
16,93,Politicians/Government,Media/Journalists,nation,marion défend brillamment notre souveraineté nationale en ce moment sur rtl. écoutez le débat des européennes : votezmarion
16,95,The People,Political Party,nation,": dernière étape de la tournée des européennes dont je suis fier d’avoir coordonné l’organisation nationale. aujourd’hui en eure-et-loir pour mobiliser nos électeurs. le 9 juin, un seul, un seul tour, un seul vote ! pour une europe libre, souveraine et respectueuse des peuples !"
16,97,The People,Political Party,nation,":folded_hands: merci aux citoyens de saint-seurin-sur-l’isle qui ont voté à 48% en faveur de le 9 juin dernier. les 30 juin et 7 juillet, donnez-lui une majorité à l’assemblée nationale ! quand le peuple vote, le peuple gagne ! bardellapremierministre !"
16,103,The People,Politicians/Government,nation,"chers compatriotes de nos départements et collectivités d’outre-mer, avec , nous avons un message pour vous. votezmarion"
16,107,Other Ideology,Christians,nation,"dans la 5e circonscription de la loire, vous pourrez voter au premier tour pour un programme vraiment catholique. le slogan de ces candidats ? dieu, patrie, famille ! diffusez l'info."
16,113,The People,Right,nation,":ballot_box_with_ballot::france: je vous présente les candidats aux legislatives2024 dans l’yonne pour un gouvernement d’union nationale, investis par le rn de et et lr de . :blue_circle: circo8901 :white_circle: sophie-laurence roy circo8902 :red_circle: circo8903"
16,118,Right,Public Sector,nation,":red_circle: union nationale : ""une première étape du rassemblement"", espère charles millon :fountain_pen: l'ancien ministre de la défense de jacques chirac a mis en place un soutien logistique à destination des candidats de droite:down_arrow:"
16,121,Nation/Own Country,Far-Right,nation,"le ""nouveau"" front populaire, c'est surtout l'emmaüs de la politique : recyclage de dominique voynet. celle qui, alors ministre de jospin, s'est vantée d'aller contre les intérêts de la france et qui a sabordé le nucléaire. et jospin alors, il est sur quel circonscription ?"
16,136,Far-Right,Media/Journalists,nation,"voter lr, c’est voter pour hortefeux et une « droite » qui a trahi les français. voter lr est impossible. il reste à lr des élus, des militants et des électeurs courageux. je suis certaine qu’ils rejoindront bientôt marine et jordan. votezbardella"
17,85,Politicians/Government,The People,nation,":european_union::france: “en plaçant la liste du rassemblement national à un niveau historique, le peuple français a envoyé un message très clair à un pouvoir macroniste, qui scrutin après scrutin, se désagrège.” - , cheffe des députés rn electionseuropéennes2024 européennes2024"
17,96,The People,Politicians/Government,nation,un président aimé de son peuple.
17,100,Right,Media/Journalists,nation,": « à l'assemblée nationale, le rassemblement national a eu un comportement respectueux des valeurs de la république, il n’y a a…"
17,104,The People,Politicians/Government,nation,". : ""cette élection doit être un sursaut national"""
17,106,The People,Political Party,nation,":european_union::france: “la nouvelle france doit se dresser. (…) peuple des villes et des banlieues, appropriez-vous la france ! faites en votre patrie !” - , leader de lfi electionseuropéennes2024 européennes2024"
17,108,The People,Nation/Own Country,nation,"le rassemblement national a vocation à parler à tous les français, y compris ceux qui n'ont pas voté pour nous mais qui sont aujourd'hui déçus par la politique d'emmanuel macron. je veux rassembler tous ceux qui veulent que la france reste la france. blaye"
17,110,Other Country,Politicians/Government,nation,"en visite en france, le président gabonais brice oligui nguema invite la diaspora à rentrer pour «reconstruire» le pays"
17,122,Muslims,Far-Right,nation,"europeennes2024 elections2024 freepalaestine | rachel kahn | éric zemmour | grandesynthe l’ampleur que prend la question palestinienne dans les pays occidentaux et singulièrement en france procède de deux logiques : - le remplacement des populations de souche par des populations arabo-afro-musulmanes ; - le grand réveil de la oumma islamique partout dans le monde. plus le remplacement et l’islamisation sont avancés et plus la question palestinienne devient une question nationale qui redessine à la fois la politique étrangère, la politique intérieure et la politique de défense. la question palestinienne n’en est pas une en hongrie ou en pologne. en france, nous avons désormais des dizaines d’élus qui ne sont plus français mais palestiniens et des millions de personnes qui se sentent plus concernés par gaza que par grande-synthe ou viry-chatillon !"
17,144,Left,Far-Right,nation,"vous appelez « chauvin » un politicien qui assoit la majorité de sa puissance électorale sur les voix des immigrés et va jusqu’à déclarer, en 2007 qu’il « ne se supporte pas quand il est entouré de blonds » ? « patriote », ce raciste à l’état pur? avez-vous perdu le sens commun?"
17,151,European Actors,Politicians/Government,nation,": on reconnaît un macroniais aux humiliations qu’il accepte de subir. macron, attal humilient valérie hayer car ils la trouvent nulle. mais elle représente bien le niveau de tous ces gens, macron inclus."
18,86,The People,Politicians/Government,nation,":russia: vladimir poutine, lors du discours du 9 mai : « le destin de la patrie et son avenir dépendent de chacun de nous »"
18,90,Scientists/Academics,Media/Journalists,nation,"écrivain, journaliste et historien militant, il évoque dans son dernier livre son « autriche intérieure », et explique le lien charnel qui l’attache à ce pays."
18,94,The People,Nation/Own Country,nation,"si je suis venu aujourd’hui à lécluse, c’est pour vous parler de la france. la france comme une nation singulière que nous aimons, comme une grande famille à laquelle nous sommes tous fiers d’appartenir. je suis venu parler de ces liens qui nous unissent en tant que français."
18,99,The People,Political Party,nation,elections européennes. un choix crucial pour les nations européennes dimanche 9 juin 2024 [l’agora]
18,105,Politicians/Government,Nation/Own Country,nation,"« la vraie politique, c'est la capacité d'imaginer l'avenir et de fixer le cap pour la nation ». avec mes collègues du à la cérémonie de vœux à la presse de ce matin."
18,111,The People,Right,nation,"yaël braun-pivet : «j’ai réussi à faire fonctionner l’assemblée nationale, c’est ma fierté», dans legrandrdv"
18,112,European Actors,Christians,nation,"l'europe à laquelle nous tenons, c'est l'europe des nations. c'est l'europe comme civilisation du for intérieur et du forum démocratique, c'est l'europe fidèle à ses racines chrétiennes, c'est l'europe de l’amour courtois et de l’égalité homme-femme. vivementle9juin"
19,87,The People,Political Party,nation,:france::bouquet: ce matin pour la cérémonie commémorative du 105e anniversaire de l'armistice du 11novembre1918 en hommage aux députés et aux membres du personnel de l’assemblée nationale morts pour la france. directan
19,117,Political Party,The People,nation,:confetti_ball: dans la dynamique commune d’antagnac aujourd’hui pour la cérémonie des vœux à la population. de beaux projets annoncés pour cette nouvelle année comme la construction d’une micro-crèche. merci à monsieur le maire jérémie bezos pour son accueil chaleureux !
19,138,Other Country,The People,nation,: merci à nos amis espagnols pour cet accueil si chaleureux aujourd’hui à madrid ! viva24 :france::spain:
20,114,Nation/Own Country,Media/Journalists,nation,"la france est au bord de la ruine ! nous sommes en train de devenir un pays déclassé, un pays décroché, un pays surendetté, un pays smicardisé, un pays tiers-mondisé. la france. ils ont fait cela à la france. :red_circle:voir l'émission complète : :bell:rejoignez-moi"
20,126,Nation/Own Country,Far-Right,nation,: les toulonnais et les varois sont prêts pour la dernière ligne droite de la reconquête en vue du 9 juin! merci …
20,128,European Actors,Social Movements,nation,"on se débarrasse du torchon bleu à étoiles de l’oligarchie européiste ! (ce vidéo :right_arrow_curving_down:) hier en meeting de plein air à paris ! avec ! :right_arrow: par ce geste symbolique fort, que le reste de la classe politique française est incapable d’accomplir tant ils vénèrent tous ce torchon, on marque la volonté de frexit de dizaines de millions de français ! jeter l’ue aux poubelles de l’histoire et sauver nos libertés, la paix et la france ! :france::france::france: leuropeçasuffit !"
20,137,Far-Left,Jewish People,nation,« je ne comprends pas qu'on puisse laisser un parti comme lfi créer en toute impunité de l'antisémitisme. je ne comprends pas qu'on puisse bannir les entreprises israéliennes du salon eurosatory. je ne comprends plus la france. j'ai honte pour mon pays !»
20,143,European Actors,Other Country,nation,": la suisse ne rigole pas avec sa souveraineté. l'udc, premier parti de suisse refuse une décision de la cedh et propose de quitter le conseil de l'europe pour ne plus subir ce type de décisions."
20,148,Immigrants/Asylum Seekers,Right,nation,"les migrants qui viennent en france se faire soigner à l’œil, loger à l’œil, c’est terminé. si vous voulez voter pour les frontières, ce dimanche, votez reconquête. jevotereconquête européennes"
21,129,Other Religion,Christians,irrelevant,d’où vient le « rayon de lumière » de l’esprit saint que la liturgie de la pentecôte nous a apporté ? l'explication du père max huot de longchamp.
21,152,Scientists/Academics,Media/Journalists,science,":studio_microphone: à 18h, écoutez le ""libre journal des sciences et des techniques"", de paul deheuvels :speaking_head: ""l'astronomie"" avec pierre encrenaz, membre de l'académie des sciences, astronome émérite. :backhand_index_pointing_right:sur ou sur :satellite_antenna: fm 95.6 (paris)"
21,154,Environmental Movements/Parties,Scientists/Academics,science,":studio_microphone::red_circle:à 18h et en direct, écoutez ""libre journal des sciences et des techniques "" de paul deheuvels :speaking_head: ""climat et co2 : green deal"" :busts_in_silhouette: avec : - jacques-marie moranne, auteur - guy barbey, auteur :backhand_index_pointing_right: à écouter sur ou sur :satellite_antenna: fm 95.6 (paris) :green_book:""climat et"
21,155,Scientists/Academics,Scientists/Academics,science,":movie_camera: le piège de la notion de « consensus scientifique », par jacques-marie moranne pol&amp;eco à retrouver sur tvl :red_triangle_pointed_down:"
21,158,Scientists/Academics,Media/Journalists,science,"deux fois par an, le conseil scientifique de la fondation se réunit pour évaluer et sélectionner les meilleurs projets de recherche à financer.:man_scientist: hier a eu lieu la session de printemps ! :sun_with_face:juan fortea, membre du conseil scientifique, vous raconte…:speech_balloon: pour en savoir plus sur le conseil scientifique, rdv par ici:right_arrow: fondationlejeune trisomie21 conseilscientifique scientificcommittee downsyndrome"
21,170,Scientists/Academics,Scientists/Academics,science,: isaac asimov on science :writing_hand:
21,172,Scientists/Academics,Scientists/Academics,science,
21,191,Scientists/Academics,Media/Journalists,science,[série recherche] :man_scientist: a découvrir ! dr sergi llambrich ferré est lauréat d’une bourse de post-doctorat de la fondation jérôme lejeune à la faculté de biologie de l’université de barcelone (espagne) pour étudier les conséquences des malformations des voies aériennes supérieures…
21,194,Far-Left,Other Ideology,nation,exactement ! l’extrême gauche salonnarde et scienceposeuse est atterrante mais elle est par terre. tournons enfin toutes ces pages racornies... bien vu !
21,197,Politicians/Government,Scientists/Academics,irrelevant,": :light_bulb:à lire sur le site du , cette tribune d’anne-marie le pourhiet, membre du conseil scientifique de notre fon…"
22,132,The Elite/Establishment,Media/Journalists,nation,jo de paris 2024. des eaux usées déversées pendant plusieurs jours dans la seine [vidéo]
23,135,Immigrants/Asylum Seekers,Politicians/Government,nation,": le conseil départemental du territoire de belfort vote le refus de prendre en charge les jeunes migrants arrivés clandestinement, dit « mineurs étrangers non accompagnés » (mna) ; un choix radical, quitte à engager un bras de fer avec l’état"
24,139,Politicians/Government,Left,irrelevant,un exemple de tolérance :sports_medal:
24,168,Antivax/Science Skeptics,Scientists/Academics,science,le pr christian perronne et martine wonner relaxés ce jour face à karine lacombe qui leur cherchait des poux ! bravo ! science 1 - big pharma 0 !
25,140,Parents,School staff,nation,": « il faut punir très sévèrement tous ces parents qui menacent les professeurs, les principaux et les proviseurs ainsi qu…"
25,150,Scientists/Academics,Media/Journalists,science,« je suis pour le travailler plus pour gagner plus. bien sûr que le salaire des enseignants est bas mais ils doivent aussi accepter de faire plus d'heures supplémentaires et d'assurer plus de missions pour l'intérêt des élèves à travers par exemple le pacteenseignant.»
25,162,School staff,Right,science,":movie_camera: [zoom] issep : nous sommes un contre sciences po ! des étudiants de l' présentent leur école. conscients de combattre le gauchisme qui s'est abattu sur les iep, ils dessinent une école entre tradition et modernité. à retrouver sur tvl :red_triangle_pointed_down:"
25,176,Antivax/Science Skeptics,Scientists/Academics,science,"l’enseignement est un art, pas une science! ma chronique du jdm."
25,178,Scientists/Academics,Media/Journalists,science,": [opinion] l’enseignement est un art, pas une science! | la chronique de"
25,188,Politicians/Government,Scientists/Academics,science,": ""si on veut des médecins bien formés, il faut les payer, ce qui signifie que les français doivent accepter de contribuer à hau…"
25,192,School staff,Other,science,": l'entrisme lambertiste dans les lycées visent principalement les places de ""profs de sciences économiques et so…"
25,204,Nation/Own Country,Scientists/Academics,science,"sans le savoir-faire des archéologues de l’inrap, sans le dévouement et l’expertise de ces ""petites mains"" de l‘histoire de france, nous n’admirerions que peu les vestiges et autres artefacts exposés dans nos musées. qu’ils en soient vivement remerciés."
25,210,The People,Scientists/Academics,science,: pascal perrineau écarté de sciences po : «combien de professeurs devront faire les frais de l’inquisition avant qu’on ne réagisse?»
26,142,Media/Journalists,Media/Journalists,nation,": « on met en avant cnews au nom de la pluralité d’expression, alors que dans les médias publics, la pluralité n’est pas la règl…"
26,181,The Elite/Establishment,Media/Journalists,nation,"« la neutralité journalistique n'existe pas. on a tous un biais idéologique conscient ou inconscient dans le choix des sujets ou des mots. c'est pareil en sciences sociales. quand vous prenez l'étude de françois jost sur , c'est une tambouille idéologique sans nom !»"
26,211,Media/Journalists,Scientists/Academics,irrelevant,: :books: l'activité éditoriale dynamique est une partie non négligeable du travail de l' . il faut saluer tou…
27,146,Politicians/Government,The People,nation,":red_circle: pour combler les 600 milliards d’€ de dette en 5 ans, gabriel attal souhaite désormais « taxer les rentes ». assurances-vie, livrets a, propriétaires fonciers… il serait préférable de taxer les superprofits plutôt qu’une fois de plus les français !"
27,203,Antivax/Science Skeptics,Right,nation,"après une rencontre avec les antinucléaires anti-scientifiques du réseau action climat, qui ne représentent personne, gabriel attal annonce une énième consultation inutile. on a déjà perdu assez de temps: il y a un large consensus pour soutenir résolument le nucléaire français !"
28,153,Environmental Movements/Parties,Scientists/Academics,science,la science a parlé. le gouvernement va-t-il enfin prendre son courage à deux mains pour sauver des filières stratégiques ou se coucher une nouvelle fois devant les mensonges des écolos ?
28,166,Scientists/Academics,Far-Right,science,":high_voltage:pour beaucoup, l'hydrogène est l'énergie de l'avenir. mais un rapport de l’académie des sciences vient de doucher les fantasmes des pouvoirs publics. explications.:right_arrow_curving_down:"
28,184,The People,Scientists/Academics,nation,activité sismique intense dans la baie de naples (2 millions d’habitants). craintes autour du réveil du « supervolcan » des champs phlégréens dont le magma est estimé à cinq kilomètres sous terre. certains scientifiques suggéraient l’évacuation il y a quelques jours (blick)
29,156,Politicians/Government,The People,science,"regardez comment cette élue américaine a démoli fauci hier en commission d’enquête covid devant le congrès ! (cf vidéo :right_arrow_curving_down:) elle lui a notamment rappelé le masque obligatoire pour tous les enfants « au nom de la science »… et fini par ces mots « nous devrions recommander une procédure pénale contre vous. pour crimes contre l’humanité. votre place est en prison ! » :right_arrow: à quand le même courage, la même énergie, chez les parlementaires français ?! élus le 9 juin, en ce qui nous concerne, on ne lâchera pas les responsables et les coupables ! leuropeçasuffit le9juinjevotelespatriotes"
29,185,LGBTIQ+,Scientists/Academics,gender/sexuality,"le iie congrès international de bioéthique jérôme lejeune a réuni à rome, la semaine dernière, 42 organisations académiques internationales et 400 experts du monde entier : médecins, scientifiques, philosophes, juristes, et bioéthiciens !:globe_showing_europe-africa: une approche croisée passionnante pour réfléchir aux défis bioéthiques actuels à la lumière de la pensée du professeur jérôme lejeune, dans le but de défendre la dignité humaine en toutes circonstances.:light_bulb: parmi les thèmes traités : l'embryon dit à 3 parents, les chimères inter-espèces, le transhumanisme, la dysphorie du genre chez les mineurs, le diagnostic prénatal, la fin de vie et les techniques de procréation artificielle.:dna: les travaux de l'institut jérôme lejeune ont également été évoqués, donnant lieu à des témoignages passionnants, comme celui de la mère d'un ancien patient du pr lejeune. les interventions seront prochainement mises en ligne sur le site du congrès !:one-thirty: congrèsinternationaldebioéthique bioéthique fondationlejeune jérômelejeune rome internationalbioethicscongress trisomie21"
30,157,Public Sector,Right,science,"face aux graves dérives à sciencespo, je réclame une enquête administrative et la remise en cause des subventions publiques. bonjourchezvous"
30,159,Immigrants/Asylum Seekers,Far-Right,science,découverte fondamentale : on vient d’isoler scientifiquement 32% de déficients mentaux.
30,161,Jewish People,Far-Right,nation,découverte fondamentale : on vient de réussir à isoler scientifiquement 27 % de juifs déficients mentalement. la médecine est pour l’heure impuissante malheureusement.
30,163,Politicians/Government,Media/Journalists,science,"le plus drôle dans le discours de macron à la sorbonne ce jour est la toute fin quand il ose se déclarer en faveur de « la science libre » ! …la « science libre », vraiment ? pile au moment où son gouvernement a fait voter l’article 4 de la loi dite sur les dérives sectaires qui a justement interdit la liberté du débat scientifique et médical ! qui prévoit 1 an de prison et 30 000 euros d’amende si on s’écarte de la « science officielle » (entendez : corrompue) ! :person_facepalming: quel culot ! :right_arrow: abrogeons cet article 4 de la honte, et vive le débat scientifique, vive la science libre, la vraie, vive la liberté !"
30,164,Politicians/Government,Scientists/Academics,science,les persécutions contre ces scientifiques éminents qui expriment une opinion « dissidente » par rapport aux dogmes officiels sont inadmissibles.
30,165,Far-Right,The People,nation,"dit-il, dans une fac de sciences sociales (le lieu le plus stérilement bourgeois de la jeunesse), du haut de ses 7 500 euros nets."
30,169,Scientists/Academics,Christians,science,"pourquoi l'europe a inventé la science moderne ? parce que la doctrine chrétienne postule l'existence d'un dieu organisateur d'un univers ordonné selon des lois qui peuvent être découvertes. newton et les savants européens qui ont inventé la science moderne au xviie siècle ont découvert les grandes lois scientifiques en cherchant des lois divines. c'est ce qu'explique rodney stark, sociologue des religions, dans son ouvrage how the west won (2014). si la chine fut à l'origine de grandes inventions, c'est en europe qu'est née la science moderne au xviième siècle. stark explique que la croyance en un dieu créateur d'un cosmos régi par des lois rationnelle est une particularité de la doctrine chrétienne (pas de dieu unique ordonnateur dans les religions chinoises par exemple). ceci a favorisé la découverte des grandes lois scientifiques par les savants européens. il fallait trouver les lois selon lesquelles dieu a organisé l'univers, ce qui a rendu la recherche scientifique possible et désirable. il montre que sur les 50 grands savants qui ont créé la science moderne à cette époque (copernic, fermat, descartes etc...), un quart était membre du clergé et la grande majorité était très pieux. newton a par exemple plus écrit sur la théologie que sur la physique. il a même calculé une date pour la parousie (le retour du christ) : 1948. l'auteur note bien sûr que l'apparition de la science moderne est multi-factorielle (redécouverte de l'héritage antique, émergence d'une bourgeoisie entreprenante en occident etc...) mais cette idée d'un dieu chrétien organisateur fut décisive. photo : passage devant notre-dame de la barge transportant la cuve du réacteur de la centrale nucléaire de civaux alors en construction (1994)."
30,171,Immigrants/Asylum Seekers,Far-Right,nation,": ça dit vouloir accueillir « les scientifiques, les chercheurs » alors que ça veut juste des esclaves, parce que « sinon vous êtes dans la merde pour faire votre ménage ! » (comme l’avait dit le grand poète dupont moretti), ou pour les livraisons ubereats. negriersde2024"
30,174,Politicians/Government,Scientists/Academics,science,"le monde entier se scandalise avec les scientifiques français des coupes monumentales dans le budget de la recherche et de l’enseignement supérieur annoncées par bruno le maire le 18 février. à l’heure où nous avons un besoin urgent et crucial d’intelligence, la france se"
30,183,Politicians/Government,Immigrants/Asylum Seekers,nation,"ça dit vouloir accueillir « les scientifiques, les chercheurs » alors que ça veut juste des esclaves, parce que « sinon vous êtes dans la merde pour faire votre ménage ! » (comme l’avait dit le grand poète dupont moretti), ou pour les livraisons ubereats. negriersde2024"
30,193,Media/Journalists,Scientists/Academics,gender/sexuality,"pas mal la presse française, rien qu’aujourd’hui : d’abord un article dans pour dire que la psychologie évolutionniste n’a rien de scientifique (!), que est le fondateur de la discipline (!!!!!) et que je suis son disciple (!!), puis, dans"
30,195,The People,Scientists/Academics,science,l’ lance une nouvelle formation accessible dès la sortie du bac : un bachelor en science politique et management de projet. bravo à l’équipe de l’issep qui continue de faire grandir cette école d’intérêt national par les temps qui courent ! :backhand_index_pointing_right:
30,202,The Elite/Establishment,Scientists/Academics,science,j’suis fou ou cette nuit j’ai lu une info comme quoi stephen hawkings convoquait des nus nains pour leur faire faire des équations sur pedo-island ? j’ai un doute
31,160,Scientists/Academics,Scientists/Academics,science,"nita farahany, futurologue et ""contributrice à l'agenda"" du wef, explique comment les neurosciences et la psychologie modernes ont permis d'implanter de ""faux souvenirs dans le cerveau"" et la possibilité d'instiller de la douleur pour l'utiliser dans ""de nombreuses mesures…"
32,167,Politicians/Government,Environmental Movements/Parties,science,"le défi climatique est l'un des défis majeurs de notre époque. mais il doit être relevé par la science, avec bon sens et pragmatisme, et certainement pas par l'écologie punitive comme le fait la macronie qui cède au fanatisme des verts. débatbfm"
32,173,Scientists/Academics,Scientists/Academics,science,": 5 scientifiques du climat de premier plan : “le co2 ne contrôle pas le climat, c’est politique dès le départ. un scientifique est obligé d’adhérer à l’idéologie du giec, sinon il fait une croix sur sa carrière. il y a un contrat social entre politiques, médias et scientifiques.”"
32,175,Environmental Movements/Parties,Scientists/Academics,science,":globe_showing_europe-africa:plus de 1 600 scientifiques, dont deux lauréats du prix nobel, signent la déclaration « pas d’urgence climatique » : cette déclaration rejette l’existence d’une crise climatique et insiste sur le fait que le co2 est bénéfique pour la terre,"
32,179,Antivax/Science Skeptics,Scientists/Academics,science,"le climat par les chiffres : christian gérondeau dénonce l’alarmisme climatique il rappelle que le giec n’est pas un comité de scientifiques, mais un groupement intergouvernemental de représentants d’états qui présente un point de vue politique et non"
32,182,Media/Journalists,Antivax/Science Skeptics,science,réchauffementclimatique climat :sun: les médias se sont mis le doigt dans l’œil du cyclone météorologique. la météo réelle n’a pas correspondu à l’alarmisme climatique officiel répercuté à l’envi par nos médias. découvrez le bobard scientifique :right_arrow_curving_down:
32,198,Antivax/Science Skeptics,Scientists/Academics,science,deux prix nobel appellent à la prudence concernant la « crise climatique ». le « consensus scientifique » des hystériques ne l’est de facto pas. la politique n’est pas une thérapie pour ceux à la recherche de sensations fortes. toutes politiques définitives d’un côté comme de…
33,177,Antivax/Science Skeptics,Scientists/Academics,science,la une du telegraph : il aura fallu attendre juin 2024 pour lire dans un grand journal « les vaccins covid pourraient être responsables d’une flambée de surmortalité selon des scientifiques ! » étude néerlandaise dans 47 pays ! (cf : :right_arrow: combien ont été…
33,186,Politicians/Government,Antivax/Science Skeptics,science,"face au ministre de la santé valletoux, il faut soutenir cette professionnelle qui a dit ce qu’elle avait sur le cœur et ce qu’elle a vu ! :right_arrow_curving_down: lors du dernier colloque du conseil scientifique indépendant le 8 mai, marie-ange perulli, ex-directrice de l’agence régionale de santé (ars) en dordogne, a déclaré : « je cherchais les moyens de ne pas ouvrir de centres de vaccination covid » ! elle a ajouté avoir critiqué « les déprogrammations à l’hôpital » et a assuré que les urgences n’étaient pas « débordées » en dordogne ! que du bon sens ! (cf : :right_arrow: le ministre de la santé valletoux vient d’annoncer porter plainte contre elle ! rappelons que valletoux voulait « la vaccination obligatoire » (cf : honte totale ! notre soutien à cette professionnelle injustement attaquée est absolu !"
33,187,Antivax/Science Skeptics,Other,science,":warning::syringe:nouveau scandale pour pfizer qui va tester un vaccin sur des femmes enceintes africaines sans leur consentement éclairé : opération soutenue par l'oms et la fondation bill et melinda gates, bien évidemment...:smiling_face_with_horns::smiling_face_with_horns::smiling_face_with_horns:"
33,200,Antivax/Science Skeptics,Scientists/Academics,science,"[abus de pouvoir médical sur fond de terrorisme sanitaire, suite] :police_car_light::police_car_light::police_car_light: le professeur fukushima, oncologue le plus expérimenté du japon, condamne les vaccins à arnm comme des « mauvaises pratiques scientifiques » points forts : « je suis l'oncologue médical le plus expérimenté…"
33,201,Scientists/Academics,Scientists/Academics,science,"frédéric valletoux (nouveau ministre délégué à la santé) tacle olivier véran sur son choix de la médecine esthétique : frédéric valletoux a déclaré que ce choix de l'imposteur véran n'était ""pas l'exemple que l'on voudrait voir suivre par trop de"
33,206,Antivax/Science Skeptics,Scientists/Academics,science,": bonjour pr , en désaccord avec votre analyse, même si elle a évolué,sur les vaccins c/covid19 présentée ci-…"
33,212,Antivax/Science Skeptics,Scientists/Academics,science,"l'autorisation par l' vient d'être officiellement levée concernant le vaccin astrazeneca, que veran qualifiait de ""très efficace"" et "" précieux"" : l'heure des vérités va enfin sonner aux oreilles des médicastres menteurs !"
33,213,Antivax/Science Skeptics,Scientists/Academics,science,": des liens entre les vaccins pfizer et la maladie de creutzfeldt-jakob ? le porte-parole du collectif , détaille un rapport d’expertise à ce sujet et annonce une manifestation ce mardi 16 janvier à paris, devant l’afp. covid19"
33,214,Antivax/Science Skeptics,Scientists/Academics,science,"petit rappel sur le vaccin vaxveria d'astrazeneca. ils savaient tout dès février 2021 ! j'ai alerté sur la piètre méthodologie utilisée dès avril 2021, les résultats étant issus de 4 études, seulement 2 étant prises en compte pour l'efficacité ce point est d'ailleurs relevé dans l'avis de l' de février 2021 ""malgré les différences méthodologiques décrites ci-dessus entre les études, des analyses poolées ont été réalisées"" mauvaise méthode donc vaccin non testé sur les >= 65 ans comme pour les autres vaccins, aucune efficacité démontrée de façon statistique sur les cas sévères dans son avis de février 2021, la note ""l’efficacité vaccinale sur la transmission virale n’est pas établie ‒ l’efficacité vaccinale chez les personnes immunodéprimées n’est pas établie - aucune étude d'interaction avec d'autres vaccins n'a été réalisée dans son procès verbal, la commission technique des vaccinations - séance exceptionnelle du lundi 1 er février 2021 confirme mon analyse en clair, les résultats ne valent rien, pourtant, tout ce petit monde a voté pour l'utilisation du produit en dépit d'une analyse bidon qui pourrait être challengée par un biostat stagiaire de l'industrie pharmaceutique. ""le développement clinique du vaccin astrazeneca repose essentiellement sur quatre essais 23 cliniques contrôlés, randomisés et en aveugle, qui ont été conduits chez des adultes âgés de 24 18 ans et plus. ces études ont exclu les participants présentant une maladie sévère ou non 25 contrôlée et les personnes sévèrement immunodéprimées. il y a deux études de phases i/ii 26 (cov001 au royaume-uni et cov005 en afrique du sud) et deux études de phase ii/iii 27 (cov002 au royaume-uni et cov003 au brésil). ces études sont toujours en cours et un 28 suivi jusqu'à 12 mois est prévu. les données de ces essais ont été regroupées et des analyses 29 intermédiaires ont été réalisées à différentes étapes pour évaluer la tolérance et l’efficacité 30 vaccinale. en raison d'écarts au protocole, qui sont décrits dans le rapport, les schémas 31 vaccinaux mis en oeuvre dans ces essais sont très hétérogènes"""
34,180,LGBTIQ+,Scientists/Academics,gender/sexuality,"transactivisme &gt; ""les risques sont importants et comprennent la stérilité, la dépendance à vie aux médicaments et l’angoisse du regret."" en l’absence de consensus scientifique, cette tribune de médecins appelle à la prudence et à l'humilité."
34,190,LGBTIQ+,Other,gender/sexuality,"&lt; l'article qu'il faut lire ! &gt;""par idéologie, les transactivistes étouffent la rationalité scientifique et tentent d’empêcher tout débat. et en définitive, ils sacrifient des enfants fragiles à leur cause intransigeante."""
34,207,Scientists/Academics,Scientists/Academics,science,"j'ai regardé la séquence de tpmp hier avec le pr raoult, interpellé par géraldine maillet sur la méta-analyse qui déclare qu'il y a 17 000 morts de l'hydroxychloroquine. voici les arguments de chacun: :right_arrow:g.maillet: -mon docteur me dit que raoult raconte n'importe quoi -vous avez échoué pendant la crise sanitaire et vous avez du mal à l'avaler. -pourquoi ne pas faire de débat contradictoire avec des médecins de plateaux :right_arrow:pr raoult: -il a soigné des dizaines de milliers de gens pendant la crise -il a le taux de mortalité le plus bas dans son ihu, constaté par huissier -la méta-analyse n'a pas été faite sur des données rigoureuses: ~manque de diagnostics ~pas les bonnes doses, celles qui ont été données sont proches de la dose connue pour être fatale ~son protocole n'a pas été respecté -les études qui ont été faites pour justifier l'interdiction de l'hydrox , ont été avortées (recovery) ou frauduleuse (lancetgate par une star du porno :upside-down_face:) qui vous a convaincu sur leurs arguments ? je constate simplement que g. maillet a plus de courage pour interpeler et couper le pr raoult que son collègue moundir quand il réinvente l'histoire de france et injurie les invités. :thinking_face:"
